puzzle_num,address,expected_value,actual_balance,tx_count,status
1,1BgGZ9tcN4rm9KBzDn7KprQz87SZ26SAMH,100000,0,0,unsolved
2,1CUNEBjYrCn2y1SdiUMohaKUi4wpP326Lb,200000,0,0,unsolved
3,19ZewH8Kk1PDbSNdJ97FP4EiCjTRaZMZQA,300000,0,0,unsolved
4,1EhqbyUMvvs7BfL8goY6qcPbD6YKfPqb7e,400000,0,0,unsolved
5,1E6NuFjCi27W5zoXg8TRdcSRq84zJeBW3k,500000,0,0,unsolved
6,1PitScNLyp2HCygzadCh7FveTnfmpPbfp8,600000,0,0,unsolved
7,1McVt1vMtCC7yn5b9wgX1833yCcLXzueeC,700000,0,0,unsolved
8,1M92tSqNmQLYw33fuBvjmeadirh1ysMBxK,800000,0,0,unsolved
9,1CQFwcjw1dwhtkVWBttNLDtqL7ivBonGPV,900000,0,0,unsolved
10,1LeBZP5QCwwgXRtmVUvTVrraqPUokyLHqe,1000000,0,0,unsolved
11,1PgQVLmst3Z314JrQn5TNiys8Hc38TcXJu,1100000,0,0,unsolved
12,1DBaumZxUkM4qMQRt2LVWyFJq5kDtSZQot,1200000,0,0,unsolved
13,1Pie8JkxBT6MGPz9Nvi3fsPkr2D8q3GBc1,1300000,0,0,unsolved
14,1ErZWg5cFCe4Vw5BzgfzB74VNLaXEiEkhk,1400000,0,0,unsolved
15,1QCbW9HWnwQWiQqVo5exhAnmfqKRrCRsvW,1500000,0,0,unsolved
16,1BDyrQ6WoF8VN3g9SAS1iKZcPzFfnDVieY,1600000,0,0,unsolved
17,1HduPEXZRdG26SUT5Yk83mLkPyjnZuJ7Bm,1700000,0,0,unsolved
18,1GnNTmTVLZiqQfLbAdp9DVdicEnB5GoERE,1800000,0,0,unsolved
19,1NWmZRpHH4XSPwsW6dsS3nrNWfL1yrJj4w,1900000,0,0,unsolved
20,1HsMJxNiV7TLxmoF6uJNkydxPFDog4NQum,2000000,0,0,unsolved
21,14oFNXucftsHiUMY8uctg6N487riuyXs4h,2100000,0,0,unsolved
22,1CfZWK1QTQE3eS9qn61dQjV89KDjZzfNcv,2200000,0,0,unsolved
23,1L2GM8eE7mJWLdo3HZS6su1832NX2txaac,2300000,0,0,unsolved
24,1rSnXMr63jdCuegJFuidJqWxUPV7AtUf7,2400000,0,0,unsolved
25,15JhYXn6Mx3oF4Y7PcTAv2wVVAuCFFQNiP,2500000,0,0,unsolved
26,1JVnST957hGztonaWK6FougdtjxzHzRMMg,2600000,0,0,unsolved
27,128z5d7nN7PkCuX5qoA4Ys6pmxUYnEy86k,2700000,0,0,unsolved
28,12jbtzBb54r97TCwW3G1gCFoumpckRAPdY,2800000,0,0,unsolved
29,19EEC52krRUK1RkUAEZmQdjTyHT7Gp1TYT,2900000,0,0,unsolved
30,1LHtnpd8nU5VHEMkG2TMYYNUjjLc992bps,3000000,0,0,unsolved
31,1LhE6sCTuGae42Axu1L1ZB7L96yi9irEBE,3100000,0,0,unsolved
32,1FRoHA9xewq7DjrZ1psWJVeTer8gHRqEvR,3200000,0,0,unsolved
33,187swFMjz1G54ycVU56B7jZFHFTNVQFDiu,3300000,0,0,unsolved
34,1PWABE7oUahG2AFFQhhvViQovnCr4rEv7Q,3400000,0,0,unsolved
35,1PWCx5fovoEaoBowAvF5k91m2Xat9bMgwb,3500000,0,0,unsolved
36,1Be2UF9NLfyLFbtm3TCbmuocc9N1Kduci1,3600000,0,0,unsolved
37,14iXhn8bGajVWegZHJ18vJLHhntcpL4dex,3700000,0,0,unsolved
38,1HBtApAFA9B2YZw3G2YKSMCtb3dVnjuNe2,3800000,0,0,unsolved
39,122AJhKLEfkFBaGAd84pLp1kfE7xK3GdT8,3900000,0,0,unsolved
40,1EeAxcprB2PpCnr34VfZdFrkUWuxyiNEFv,4000000,0,0,unsolved
41,1L5sU9qvJeuwQUdt4y1eiLmquFxKjtHr3E,4100000,0,0,unsolved
42,1E32GPWgDyeyQac4aJxm9HVoLrrEYPnM4N,4200000,0,0,unsolved
43,1PiFuqGpG8yGM5v6rNHWS3TjsG6awgEGA1,4300000,0,0,unsolved
44,1CkR2uS7LmFwc3T2jV8C1BhWb5mQaoxedF,4400000,0,0,unsolved
45,1NtiLNGegHWE3Mp9g2JPkgx6wUg4TW7bbk,4500000,0,0,unsolved
46,1F3JRMWudBaj48EhwcHDdpeuy2jwACNxjP,4600000,0,0,unsolved
47,1Pd8VvT49sHKsmqrQiP61RsVwmXCZ6ay7Z,4700000,0,0,unsolved
48,1DFYhaB2J9q1LLZJWKTnscPWos9VBqDHzv,4800000,0,0,unsolved
49,12CiUhYVTTH33w3SPUBqcpMoqnApAV4WCF,4900000,0,0,unsolved
50,1MEzite4ReNuWaL5Ds17ePKt2dCxWEofwk,5000000,0,0,unsolved
51,1NpnQyZ7x24ud82b7WiRNvPm6N8bqGQnaS,5100000,0,0,unsolved
52,15z9c9sVpu6fwNiK7dMAFgMYSK4GqsGZim,5200000,0,0,unsolved
53,15K1YKJMiJ4fpesTVUcByoz334rHmknxmT,5300000,0,0,unsolved
54,1KYUv7nSvXx4642TKeuC2SNdTk326uUpFy,5400000,0,0,unsolved
55,1LzhS3k3e9Ub8i2W1V8xQFdB8n2MYCHPCa,5500000,0,0,unsolved
56,17aPYR1m6pVAacXg1PTDDU7XafvK1dxvhi,5600000,0,0,unsolved
57,15c9mPGLku1HuW9LRtBf4jcHVpBUt8txKz,5700000,0,0,unsolved
58,1Dn8NF8qDyyfHMktmuoQLGyjWmZXgvosXf,5800000,0,0,unsolved
59,1HAX2n9Uruu9YDt4cqRgYcvtGvZj1rbUyt,5900000,0,0,unsolved
60,1Kn5h2qpgw9mWE5jKpk8PP4qvvJ1QVy8su,6000000,0,0,unsolved
61,1AVJKwzs9AskraJLGHAZPiaZcrpDr1U6AB,6100000,0,0,unsolved
62,1Me6EfpwZK5kQziBwBfvLiHjaPGxCKLoJi,6200000,0,0,unsolved
63,1NpYjtLira16LfGbGwZJ5JbDPh3ai9bjf4,6300000,0,0,unsolved
64,16jY7qLJnxb7CHZyqBP8qca9d51gAjyXQN,6400000,0,0,unsolved
65,18ZMbwUFLMHoZBbfpCjUJQTCMCbktshgpe,6500000,0,0,unsolved
66,13zb1hQbWVsc2S7ZTZnP2G4undNNpdh5so,6600000,0,0,unsolved
67,1BY8GQbnueYofwSuFAT3USAhGjPrkxDdW9,6700000,0,0,unsolved
68,1MVDYgVaSN6iKKEsbzRUAYFrYJadLYZvvZ,6800000,0,0,unsolved
69,19vkiEajfhuZ8bs8Zu2jgmC6oqZbWqhxhG,6900000,0,0,unsolved
70,19YZECXj3SxEZMoUeJ1yiPsw8xANe7M7QR,7000000,0,0,unsolved
71,1PWo3JeB9jrGwfHDNpdGK54CRas7fsVzXU,7100000,0,0,unsolved
72,1JTK7s9YVYywfm5XUH7RNhHJH1LshCaRFR,7200000,0,0,unsolved
73,12VVRNPi4SJqUTsp6FmqDqY5sGosDtysn4,7300000,0,0,unsolved
74,1FWGcVDK3JGzCC3WtkYetULPszMaK2Jksv,7400000,0,0,unsolved
75,1J36UjUByGroXcCvmj13U6uwaVv9caEeAt,7500000,0,0,unsolved
76,1DJh2eHFYQfACPmrvpyWc8MSTYKh7w9eRF,7600000,0,0,unsolved
77,1Bxk4CQdqL9p22JEtDfdXMsng1XacifUtE,7700000,0,0,unsolved
78,15qF6X51huDjqTmF9BJgxXdt1xcj46Jmhb,7800000,0,0,unsolved
79,1ARk8HWJMn8js8tQmGUJeQHjSE7KRkn2t8,7900000,0,0,unsolved
80,1BCf6rHUW6m3iH2ptsvnjgLruAiPQQepLe,8000000,0,0,unsolved
81,15qsCm78whspNQFydGJQk5rexzxTQopnHZ,8100000,0,0,unsolved
82,13zYrYhhJxp6Ui1VV7pqa5WDhNWM45ARAC,8200000,0,0,unsolved
83,14MdEb4eFcT3MVG5sPFG4jGLuHJSnt1Dk2,8300000,0,0,unsolved
84,1CMq3SvFcVEcpLMuuH8PUcNiqsK1oicG2D,8400000,0,0,unsolved
85,1Kh22PvXERd2xpTQk3ur6pPEqFeckCJfAr,8500000,0,0,unsolved
86,1K3x5L6G57Y494fDqBfrojD28UJv4s5JcK,8600000,0,0,unsolved
87,1PxH3K1Shdjb7gSEoTX7UPDZ6SH4qGPrvq,8700000,0,0,unsolved
88,16AbnZjZZipwHMkYKBSfswGWKDmXHjEpSf,8800000,0,0,unsolved
89,19QciEHbGVNY4hrhfKXmcBBCrJSBZ6TaVt,8900000,0,0,unsolved
90,1L12FHH2FHjvTviyanuiFVfmzCy46RRATU,9000000,0,0,unsolved
91,1EzVHtmbN4fs4MiNk3ppEnKKhsmXYJ4s74,9100000,0,0,unsolved
92,1AE8NzzgKE7Yhz7BWtAcAAxiFMbPo82NB5,9200000,0,0,unsolved
93,17Q7tuG2JwFFU9rXVj3uZqRtioH3mx2Jad,9300000,0,0,unsolved
94,1K6xGMUbs6ZTXBnhw1pippqwK6wjBWtNpL,9400000,0,0,unsolved
95,19eVSDuizydXxhohGh8Ki9WY9KsHdSwoQC,9500000,0,0,unsolved
96,15ANYzzCp5BFHcCnVFzXqyibpzgPLWaD8b,9600000,0,0,unsolved
97,18ywPwj39nGjqBrQJSzZVq2izR12MDpDr8,9700000,0,0,unsolved
98,1CaBVPrwUxbQYYswu32w7Mj4HR4maNoJSX,9800000,0,0,unsolved
99,1JWnE6p6UN7ZJBN7TtcbNDoRcjFtuDWoNL,9900000,0,0,unsolved
100,1KCgMv8fo2TPBpddVi9jqmMmcne9uSNJ5F,10000000,0,0,unsolved
101,1CKCVdbDJasYmhswB6HKZHEAnNaDpK7W4n,10100000,0,0,unsolved
102,1PXv28YxmYMaB8zxrKeZBW8dt2HK7RkRPX,10200000,0,0,unsolved
103,1AcAmB6jmtU6AiEcXkmiNE9TNVPsj9DULf,10300000,0,0,unsolved
104,1EQJvpsmhazYCcKX5Au6AZmZKRnzarMVZu,10400000,0,0,unsolved
105,1CMjscKB3QW7SDyQ4c3C3DEUHiHRhiZVib,10500000,0,0,unsolved
106,18KsfuHuzQaBTNLASyj15hy4LuqPUo1FNB,10600000,0,0,unsolved
107,15EJFC5ZTs9nhsdvSUeBXjLAuYq3SWaxTc,10700000,0,0,unsolved
108,1HB1iKUqeffnVsvQsbpC6dNi1XKbyNuqao,10800000,0,0,unsolved
109,1GvgAXVCbA8FBjXfWiAms4ytFeJcKsoyhL,10900000,0,0,unsolved
110,12JzYkkN76xkwvcPT6AWKZtGX6w2LAgsJg,11000000,0,0,unsolved
111,1824ZJQ7nKJ9QFTRBqn7z7dHV5EGpzUpH3,11100000,0,0,unsolved
112,18A7NA9FTsnJxWgkoFfPAFbQzuQxpRtCos,11200000,0,0,unsolved
113,1NeGn21dUDDeqFQ63xb2SpgUuXuBLA4WT4,11300000,0,0,unsolved
114,174SNxfqpdMGYy5YQcfLbSTK3MRNZEePoy,11400000,0,0,unsolved
115,1NLbHuJebVwUZ1XqDjsAyfTRUPwDQbemfv,11500000,0,0,unsolved
116,1MnJ6hdhvK37VLmqcdEwqC3iFxyWH2PHUV,11600000,0,0,unsolved
117,1KNRfGWw7Q9Rmwsc6NT5zsdvEb9M2Wkj5Z,11700000,0,0,unsolved
118,1PJZPzvGX19a7twf5HyD2VvNiPdHLzm9F6,11800000,0,0,unsolved
119,1GuBBhf61rnvRe4K8zu8vdQB3kHzwFqSy7,11900000,0,0,unsolved
120,17s2b9ksz5y7abUm92cHwG8jEPCzK3dLnT,12000000,0,0,unsolved
121,1GDSuiThEV64c166LUFC9uDcVdGjqkxKyh,12100000,0,0,unsolved
122,1Me3ASYt5JCTAK2XaC32RMeH34PdprrfDx,12200000,0,0,unsolved
123,1CdufMQL892A69KXgv6UNBD17ywWqYpKut,12300000,0,0,unsolved
124,1BkkGsX9ZM6iwL3zbqs7HWBV7SvosR6m8N,12400000,0,0,unsolved
125,1PXAyUB8ZoH3WD8n5zoAthYjN15yN5CVq5,12500000,0,0,unsolved
126,1AWCLZAjKbV1P7AHvaPNCKiB7ZWVDMxFiz,12600000,0,0,unsolved
127,1G6EFyBRU86sThN3SSt3GrHu1sA7w7nzi4,12700000,0,0,unsolved
128,1MZ2L1gFrCtkkn6DnTT2e4PFUTHw9gNwaj,12800000,0,0,unsolved
129,1Hz3uv3nNZzBVMXLGadCucgjiCs5W9vaGz,12900000,0,0,unsolved
130,1Fo65aKq8s8iquMt6weF1rku1moWVEd5Ua,13000000,0,0,unsolved
131,16zRPnT8znwq42q7XeMkZUhb1bKqgRogyy,13100000,0,0,unsolved
132,1KrU4dHE5WrW8rhWDsTRjR21r8t3dsrS3R,13200000,0,0,unsolved
133,17uDfp5r4n441xkgLFmhNoSW1KWp6xVLD,13300000,0,0,unsolved
134,13A3JrvXmvg5w9XGvyyR4JEJqiLz8ZySY3,13400000,0,0,unsolved
135,16RGFo6hjq9ym6Pj7N5H7L1NR1rVPJyw2v,13500000,0,0,unsolved
136,1UDHPdovvR985NrWSkdWQDEQ1xuRiTALq,13600000,0,0,unsolved
137,15nf31J46iLuK1ZkTnqHo7WgN5cARFK3RA,13700000,0,0,unsolved
138,1Ab4vzG6wEQBDNQM1B2bvUz4fqXXdFk2WT,13800000,0,0,unsolved
139,1Fz63c775VV9fNyj25d9Xfw3YHE6sKCxbt,13900000,0,0,unsolved
140,1QKBaU6WAeycb3DbKbLBkX7vJiaS8r42Xo,14000000,0,0,unsolved
141,1CD91Vm97mLQvXhrnoMChhJx4TP9MaQkJo,14100000,0,0,unsolved
142,15MnK2jXPqTMURX4xC3h4mAZxyCcaWWEDD,14200000,0,0,unsolved
143,13N66gCzWWHEZBxhVxG18P8wyjEWF9Yoi1,14300000,0,0,unsolved
144,1NevxKDYuDcCh1ZMMi6ftmWwGrZKC6j7Ux,14400000,0,0,unsolved
145,19GpszRNUej5yYqxXoLnbZWKew3KdVLkXg,14500000,0,0,unsolved
146,1M7ipcdYHey2Y5RZM34MBbpugghmjaV89P,14600000,0,0,unsolved
147,18aNhurEAJsw6BAgtANpexk5ob1aGTwSeL,14700000,0,0,unsolved
148,1FwZXt6EpRT7Fkndzv6K4b4DFoT4trbMrV,14800000,0,0,unsolved
149,1CXvTzR6qv8wJ7eprzUKeWxyGcHwDYP1i2,14900000,0,0,unsolved
150,1MUJSJYtGPVGkBCTqGspnxyHahpt5Te8jy,15000000,0,0,unsolved
151,13Q84TNNvgcL3HJiqQPvyBb9m4hxjS3jkV,15100000,0,0,unsolved
152,1LuUHyrQr8PKSvbcY1v1PiuGuqFjWpDumN,15200000,0,0,unsolved
153,18192XpzzdDi2K11QVHR7td2HcPS6Qs5vg,15300000,0,0,unsolved
154,1NgVmsCCJaKLzGyKLFJfVequnFW9ZvnMLN,15400000,0,0,unsolved
155,1AoeP37TmHdFh8uN72fu9AqgtLrUwcv2wJ,15500000,0,0,unsolved
156,1FTpAbQa4h8trvhQXjXnmNhqdiGBd1oraE,15600000,0,0,unsolved
157,14JHoRAdmJg3XR4RjMDh6Wed6ft6hzbQe9,15700000,0,0,unsolved
158,19z6waranEf8CcP8FqNgdwUe1QRxvUNKBG,15800000,0,0,unsolved
159,14u4nA5sugaswb6SZgn5av2vuChdMnD9E5,15900000,0,0,unsolved
160,1NBC8uXJy1GiJ6drkiZa1WuKn51ps7EPTv,16000000,0,0,unsolved
161,1JkqBQcC4tHcb1JfdCH6nrWYwTPGznHANh,16100000,0,0,unsolved
162,17DTUTXUcUYEgrr5GhivxYei4Lrs1xMnS2,16200000,0,0,unsolved
163,1H6e7SLxv6ZUbuAaZpeUdVNfh3cKBWJRmx,16300000,0,0,unsolved
164,1LjQKurNtEDgMdqeCoWRFhHp1FPnLU77Q4,16400000,0,0,unsolved
165,1F7ZjibYug9bLW3YvkkwBZLrhfLtNjgYrX,16500000,0,0,unsolved
166,12BtvPaamiBCpXmoDrsCxAa1b6hMRnASZ4,16600000,0,0,unsolved
167,1AvLwGpkwTZH4qiwy1L4v6TuWXLMNrATN5,16700000,0,0,unsolved
168,1PojqbbzJHnn1X2mv6DCECNLUaD2nMssDp,16800000,0,0,unsolved
169,1G3uazv67BcKRmPFvgvX4ijBTa2898cvCm,16900000,0,0,unsolved
170,1EW9W5sGdxVDxAtjRbCjgkZNtPH8ZzikeP,17000000,0,0,unsolved
171,17zzMMnj5h8StLhnrXpw8iBP21uujNC4Ap,17100000,0,0,unsolved
172,15LJKhwQJ7dYMBZX1mktskZqxX1aUCibkr,17200000,0,0,unsolved
173,1Mkodin3C3drVaV9JNk1o3i4n4gVGe9GVx,17300000,0,0,unsolved
174,1C6dHU1gQtVUXZmeXQuQc3EgDJbiLbxFZJ,17400000,0,0,unsolved
175,1DxZJy7AkqLVAQ5rtSUKfrR3yPE5u5ygk6,17500000,0,0,unsolved
176,1NcytLwdqJa8DsQPa9NwkxJTQcx1rZy85A,17600000,0,0,unsolved
177,163vG9mKmAsrvmq42MBDPjf9axZyEgBc9R,17700000,0,0,unsolved
178,12ATwA5VvoPDinSymcQpCAXPLApAVLN24z,17800000,0,0,unsolved
179,12fXbBE7kTfqYk8dYyU9bw7XfKVwEqXnzg,17900000,0,0,unsolved
180,1EkYsB1C7deWxiVUULeZpr42AdYWhv4PEX,18000000,0,0,unsolved
181,1MPQyhXBT2FpUMCiv5YX3yacKvmc9P5x6S,18100000,0,0,unsolved
182,1GZyxmpgtRJNaW1zEhPAa81xZDEJSdwbbZ,18200000,0,0,unsolved
183,12E2HWQVHzuGKAQVvPUkHWwibAJfnmcHW1,18300000,0,0,unsolved
184,14J1fXY2E3fbxjp1zpfqRhk5BNQ4pb97Rs,18400000,0,0,unsolved
185,1HqHHuFzZhtTtyGbAWCS49qGnCBSEhBSFT,18500000,0,0,unsolved
186,1BJXBDt4e1uaorXPototucUGNRme57nAqt,18600000,0,0,unsolved
187,19ct7Egfi5j6jSefj8X4d5eXJQUmyhtXjC,18700000,0,0,unsolved
188,1DyWSY1dA3wyjo4eMuQCPfrm3dV96xDDSU,18800000,0,0,unsolved
189,1PiLrDyeXtncnsvcVAGGcNnpzQVRCG3fwS,18900000,0,0,unsolved
190,1HUoYzoEn2a4WxKvnYYbnR9GKrVqAfq7oY,19000000,0,0,unsolved
191,19vnME8b28SzJDuEFNShAG5JCR63V1zzV,19100000,0,0,unsolved
192,1GWTEv76C8cusq4h5gV3rLjeFhBkGBHSKg,19200000,0,0,unsolved
193,1NHh2fQDm7KyBs8HRFkVtHgMzkmufk6mNW,19300000,0,0,unsolved
194,1oW8VFRNVKhbzzq8NWNutDYDzv1CzAHAj,19400000,0,0,unsolved
195,16q15tpaHQFUENUmRPLgiidCMWLcDpVEgs,19500000,0,0,unsolved
196,1AH4d8Bss6eFyugZaN2qPXMBH69T946dSK,19600000,0,0,unsolved
197,12gDPuHvZBh6FSjyhHhyDDkM38Y2wyDGQt,19700000,0,0,unsolved
198,12jFRwZFUrxUTtuyVzw9FNJsJa7mjBgfca,19800000,0,0,unsolved
199,1BNkFNU3eJz8jDfTkTwe7XmF18BfQwfqW7,19900000,0,0,unsolved
200,1DEDEKJVEmXvEqwg3wbq8c1ZNobo4tNw4h,20000000,0,0,unsolved
201,1DA2RexqNkbVhzfkmQDHRMfKrdesgyMMdQ,20100000,0,0,unsolved
202,19Ho5YB6y8qRCdUMxWpXqrm8N4AKAq7ZWS,20200000,0,0,unsolved
203,1DVWn7PuRBmsdTBKiboBdSREHdAtSoN6BB,20300000,0,0,unsolved
204,14CMU6qvv55Y7xJdVw64ey5yfUP4BZAjct,20400000,0,0,unsolved
205,1DHL5NuXPjwDsNnXyzAgZTAMM4aYUc1zFW,20500000,0,0,unsolved
206,1UwsEPMF1NZTWJAuymsLVJpqetBZ3Q9sJ,20600000,0,0,unsolved
207,16aELF1f75o464ZhtAZUwbc4ctFQZxS8qi,20700000,0,0,unsolved
208,15TJ3wPvdviupvKQFm8hLeXSzeMSq7LSJ2,20800000,0,0,unsolved
209,1JgrGoQbvJS7UnX6j4myiCxo6Q3gyo5Ujk,20900000,0,0,unsolved
210,14Xm5DjBUQTJCzeGhyrhVsxkK8p35srk1S,21000000,0,0,unsolved
211,19yhSoza8oK3ioCSydMuAGJs4Mm3FwCTht,21100000,0,0,unsolved
212,1JXw9i8dEZGH29mUiuKjWXK9L27r2TerLQ,21200000,0,0,unsolved
213,1CNNth43uiVypxHmZLC8hWZsb7UiP7wSkY,21300000,0,0,unsolved
214,16ocVeZDpqcvyMvzAH1r2LR75uEzRhkyV2,21400000,0,0,unsolved
215,15x3tRVyn9SRaxfbFUzqETmCJiz46Vs247,21500000,0,0,unsolved
216,197K7MdYhnN88gcJouJRxMiSAHHfWuPrXC,21600000,0,0,unsolved
217,1MDsNYfC4LErgwUDqfQ5BgFJqv5bs4Frkn,21700000,0,0,unsolved
218,1BDTXmiyyzq9i79RGGTW7cjmYJbxKoV27e,21800000,0,0,unsolved
219,1EiJ59LPWDezXwfAGFTcoEKdNhvRTriBXy,21900000,0,0,unsolved
220,1rirV4Y2NxGwKNQNojJhz61jEctni8fvb,22000000,0,0,unsolved
221,1NxgWntAdMugSNFHEXYizYwk3UjxKPxcDF,22100000,0,0,unsolved
222,17A75vEkPPVeY9MMMXUY9M2JUHbbNyVAWC,22200000,0,0,unsolved
223,1NUVBXgX35Uax4fpziV7VGMJyji3mUzZbt,22300000,0,0,unsolved
224,1F6yxcbDzjumeN77DiABMXzPcvtAdnaoPF,22400000,0,0,unsolved
225,16YvGEYhAwjf2duwvH8jbFMfVCnY6XiQTq,22500000,0,0,unsolved
226,1HtbZg9mPjYcMDMDNyXaFjHX5e7ZPUwWAp,22600000,0,0,unsolved
227,15a9nXpjnQzw2o5kmvGyKzv7anZkYFHwdK,22700000,0,0,unsolved
228,18zsQK8ezT32qCqgLJQMkhqyKNwpCP3JU3,22800000,0,0,unsolved
229,1AaBhpTnfCin9nCrai2msXzCHoVmwkAe2N,22900000,0,0,unsolved
230,13Jtm1mm33Uke7PbmTBYGNZGU7rXUsVs3e,23000000,0,0,unsolved
231,18aBXRctVrWN9naDGhKrLdZViNfLJfCdbF,23100000,0,0,unsolved
232,1MEEjd99pkEyCdiqVSCa8Jqjaun7fsEXaG,23200000,0,0,unsolved
233,1NnefTEeKQQAts37cQHzVx8oPrUu8LWyUK,23300000,0,0,unsolved
234,1FYbLcutmRbvu4yUeLmC4TES2Q3ChhXYY,23400000,0,0,unsolved
235,1Pp61TfkztZ9ckpdeUVCzbyA7vMqXAVsdV,23500000,0,0,unsolved
236,1PytbQzRaf9eTpGax3c6ofKwtbxaLLSNy1,23600000,0,0,unsolved
237,194bRtNQVRq4xi26UJZYTHexvLXijpzp3e,23700000,0,0,unsolved
238,1DxBvzRMdvzop21DhnDJv4xJDYFGVtu7KZ,23800000,0,0,unsolved
239,1QLHLvM6XKwygyWqo2cCPbfbf6woZzGEKH,23900000,0,0,unsolved
240,1C8Hw6T5jypz92cNFr9Lkx4Xmr4DtP7zGA,24000000,0,0,unsolved
241,1L7ZNx5gFPvdVPfdgFBnEUgA64woQwopqr,24100000,0,0,unsolved
242,1EMhTbC4Kp8DYBk5zoLsTqZ2YakhiTgQYh,24200000,0,0,unsolved
243,19CqmBBJ3H8FjxSSeSjv2Kn1cVQFXMY6AM,24300000,0,0,unsolved
244,1KMHDrCGho2QuK59UNvfjuiPdDZSgRbneC,24400000,0,0,unsolved
245,1HzpmnHxpu4tCJ23ZS9TfWCoX8mXfpdHiq,24500000,0,0,unsolved
246,1LrrNP28PYg1N1z5Uo1gR8cmoPc8h4orBZ,24600000,0,0,unsolved
247,14D2d3WnHThUxyPhGoj2AabBTxpZcoHy3t,24700000,0,0,unsolved
248,18oqrdP6uBKsn57gvmWzLuKMAY4ShapiAU,24800000,0,0,unsolved
249,1Bun4VzuBJ7SUoQn97dinVfDyWAS336Ldg,24900000,0,0,unsolved
250,1Ruu3JwvGeSmhQV9GzWAnyLCz6g3evmTY,25000000,0,0,unsolved
251,1M3u4q5Q35qtQPmDHeubVbk7APYi3VVoBX,25100000,0,0,unsolved
252,1CaTxB3YwmXZkDnTK4rRvq61SRqs48xmui,25200000,0,0,unsolved
253,1JqRqUPHHcQu2yrr8JZzxSYDx2jbZxEqFj,25300000,0,0,unsolved
254,1NKkjFvXmovmjwgUujw655n3BbEvnncyza,25400000,0,0,unsolved
255,17PEUvQmgqPkkvRkMowoR1wRDXYzre4b9Z,25500000,0,0,unsolved
256,1FMcotmnqqE5M2x9DDX3VfPAPuBWArGisa,25600000,0,0,unsolved